time_ms,name,p,q,v_mag_pu,v_ang,control
0,sourcebus,1.8420846107302604,0.7127051152976969,0.9994302511514087,-0.0008075739586894747,Slack
0,bus2,0.0,0.0,0.9969516036376962,-0.003141494469186267,PQ
0,bus3,0.0,0.0,0.9869359503877803,-0.5442356506570853,PQ
0,bus4,-1.7999761348973193,-0.5999495524978975,0.9599559703491771,-0.5720324806889248,PQ
1000,sourcebus,1.8421569130862783,0.7127405844956384,0.9994302251238544,-0.0008076047677949204,Slack
1000,bus2,0.0,0.0,0.9969514687313377,-0.003141611656354833,PQ
1000,bus3,0.0,0.0,0.9869353545506113,-0.5442364540593139,PQ
1000,bus4,-1.7999998360377671,-0.5999996536664194,0.9599542180283582,-0.572034386275228,PQ
2000,sourcebus,1.842157409677419,0.7127408281072111,0.9994302249450905,-0.0008076049793996596,Slack
2000,bus2,0.0,0.0,0.9969514678047668,-0.00314161246122665,PQ
2000,bus3,0.0,0.0,0.9869353504582554,-0.5442364595772895,PQ
2000,bus4,-1.7999999988738613,-0.5999999976212966,0.9599542059929936,-0.572034399363308,PQ
3000,sourcebus,1.8421574130882055,0.7127408297802721,0.9994302249438628,-0.0008076049808531269,Slack
3000,bus2,0.0,0.0,0.9969514677984033,-0.0031416124667547067,PQ
3000,bus3,0.0,0.0,0.9869353504301481,-0.5442364596151883,PQ
3000,bus4,-1.7999999999922651,-0.5999999999836624,0.9599542059103318,-0.5720343994532003,PQ
4000,sourcebus,1.8421574131114011,0.7127408297916858,0.9994302249438545,-0.0008076049808630866,Slack
4000,bus2,0.0,0.0,0.9969514677983592,-0.0031416124667926052,PQ
4000,bus3,0.0,0.0,0.9869353504299553,-0.5442364596154488,PQ
4000,bus4,-1.7999999999999472,-0.599999999999888,0.9599542059097642,-0.5720343994538177,PQ
5000,sourcebus,1.8421574131118077,0.7127408297917507,0.9994302249438545,-0.0008076049808632073,Slack
5000,bus2,0.0,0.0,0.9969514677983591,-0.003141612466792866,PQ
5000,bus3,0.0,0.0,0.986935350429954,-0.5442364596154504,PQ
5000,bus4,-1.8,-0.5999999999999994,0.9599542059097605,-0.5720343994538217,PQ
6000,sourcebus,1.8421574131118077,0.7127408297917507,0.9994302249438545,-0.0008076049808632073,Slack
6000,bus2,0.0,0.0,0.9969514677983591,-0.003141612466792866,PQ
6000,bus3,0.0,0.0,0.986935350429954,-0.5442364596154504,PQ
6000,bus4,-1.8,-0.5999999999999999,0.9599542059097602,-0.5720343994538217,PQ
7000,sourcebus,1.8421574131118077,0.7127408297917507,0.9994302249438545,-0.0008076049808632073,Slack
7000,bus2,0.0,0.0,0.9969514677983591,-0.003141612466792866,PQ
7000,bus3,0.0,0.0,0.9869353504299541,-0.5442364596154505,PQ
7000,bus4,-1.8000000000000005,-0.6,0.9599542059097602,-0.572034399453822,PQ
8000,sourcebus,1.8421574131118077,0.7127408297917507,0.9994302249438545,-0.0008076049808632073,Slack
8000,bus2,0.0,0.0,0.9969514677983591,-0.003141612466792866,PQ
8000,bus3,0.0,0.0,0.9869353504299541,-0.5442364596154505,PQ
8000,bus4,-1.8000000000000005,-0.6,0.9599542059097602,-0.572034399453822,PQ
9000,sourcebus,1.8421574131118077,0.7127408297917507,0.9994302249438545,-0.0008076049808632073,Slack
9000,bus2,0.0,0.0,0.9969514677983591,-0.003141612466792866,PQ
9000,bus3,0.0,0.0,0.9869353504299541,-0.5442364596154505,PQ
9000,bus4,-1.8000000000000005,-0.6,0.9599542059097602,-0.572034399453822,PQ
